﻿<?xml version="1.0" encoding="utf-8"?>
<Package xmlns="http://schemas.microsoft.com/appx/manifest/foundation/windows10"
xmlns:mp="http://schemas.microsoft.com/appx/2014/phone/manifest"
xmlns:uap="http://schemas.microsoft.com/appx/manifest/uap/windows10"
xmlns:build="http://schemas.microsoft.com/developer/appx/2015/build"
IgnorableNamespaces="uap mp build"> 
	<Identity Name="INSERT-YOUR-PACKAGE-IDENTITY-NAME-HERE" Publisher="CN=INSERT-YOUR-PACKAGE-IDENTITY-PUBLISHER-HERE" Version="1.0.0.0" ProcessorArchitecture="neutral" /> 
	<mp:PhoneIdentity PhoneProductId="99454e3a-e4b6-38c5-656a-e2fe90849d4e" PhonePublisherId="00000000-0000-0000-0000-000000000000"/> 

	<build:Metadata>
		<build:Item Name ="ManifoldJSVersion" Value ="0.4.0" />
		<build:Item Name ="GeneratedFrom" Value ="Website Wizard" />
		<build:Item Name ="GenerationDate" Value ="2016-02-21 16:22:16 Z" />
	</build:Metadata>

	<Properties> 
		<DisplayName>DrexelbusAzurewebsitesNet</DisplayName> 
    <PublisherDisplayName>INSERT-YOUR-PACKAGE-PROPERTIES-PUBLISHERDISPLAYNAME-HERE</PublisherDisplayName>
    <Logo>images\storelogo.scale-100.png</Logo> 
	</Properties> 

	<Dependencies> 
		<TargetDeviceFamily Name="Windows.Universal" MinVersion="10.0.10240.0" MaxVersionTested="10.0.10240.0" /> 
	</Dependencies> 

	<Resources>
	<Resource Language="en-us" /> 
	 </Resources> 

	<Applications> 
		<Application Id="DrexelbusAzurewebsitesNet" StartPage="http://drexelbus.azurewebsites.net/"> 
			<uap:VisualElements 
				DisplayName="DrexelbusAzurewebsitesNet" 
				Square150x150Logo="images\logo.scale-100.png" 
				Square44x44Logo="images\smalllogo.scale-100.png" 
				Description="Moving Mario"	
				BackgroundColor="blue"> 
				<uap:SplashScreen Image="images\splashscreen.scale-100.png" /> 
				<uap:InitialRotationPreference> 
					<uap:Rotation Preference="portrait" /> 
				</uap:InitialRotationPreference> 
			</uap:VisualElements> 
			<uap:ApplicationContentUriRules>
				<uap:Rule Type="include" WindowsRuntimeAccess="none" Match="http://drexelbus.azurewebsites.net/" />
			</uap:ApplicationContentUriRules>
		</Application> 
	</Applications> 

	<Capabilities>
		<Capability Name="internetClient" />
		<Capability Name="privateNetworkClientServer" />
	</Capabilities>

</Package>
